Top queries,Clicks,Impressions,CTR,Position
reno regenerative medicine,922,4314,21.37%,1.69
reno regenerative medicine reviews,55,759,7.25%,3.03
reno regenerative,52,246,21.14%,1.48
regenerative medicine reno,49,304,16.12%,2.14
neuropathy,28,191,14.66%,1.04
stem cell therapy reno,20,426,4.69%,5.61
hormone replacement therapy reno,12,926,1.3%,5.85
prp injections reno,5,1100,0.45%,8.32
glp-1 reno,4,1423,0.28%,8.81
allergist reno,4,420,0.95%,8
feet go numb when walking,4,409,0.98%,11.46
backside pain in body,4,323,1.24%,1.45
pain in backside of body,4,139,2.88%,1.65
allergy testing reno,4,134,2.99%,5.43
tirzepatide reno,4,109,3.67%,5.57
weight loss reno nv,3,626,0.48%,17.18
tirzepatide reno nv,3,590,0.51%,14.05
hormone therapy reno,3,456,0.66%,7.14
numbness in feet while walking,3,53,5.66%,21.08
hormone replacement therapy reno nv,3,47,6.38%,11.32
730 sandhill road reno nv 89521,3,29,10.34%,2.17
gainswave,2,1755,0.11%,35.23
reno weight loss clinic,2,643,0.31%,10.73
knee locking up,2,385,0.52%,8.89
hormone therapy reno nv,2,325,0.62%,8.86
weight loss clinic reno,2,325,0.62%,10.2
pain management sparks nv,2,152,1.32%,15.95
whiplash back pain,2,140,1.43%,6.23
hormone specialist reno,2,108,1.85%,10.12
spinal decompression near me,2,66,3.03%,14.95
neuropathy clinic reno nv,2,22,9.09%,2.86
"reno regenerative medicine | knee, back & joint pain clinic",2,14,14.29%,1.57
where to get stem cell therapy for knees,2,9,22.22%,2.11
stem cell therapy,2,9,22.22%,2.78
back decompression near me,2,9,22.22%,6.11
regenerative medicine near me,1,6953,0.01%,34.83
reno weight loss,1,1141,0.09%,10.88
regenerative health clinic,1,764,0.13%,40.36
bioidentical hormone replacement therapy near me,1,718,0.14%,14.34
bioidentical hormones near me,1,447,0.22%,58.14
reno medicine,1,435,0.23%,6.09
regenerative therapy near me,1,395,0.25%,58.58
weight loss reno,1,389,0.26%,14.94
allergy testing near me,1,362,0.28%,44.23
reno alternative medicine,1,345,0.29%,9.77
bioidentical hormones reno nv,1,289,0.35%,5.4
pain management reno,1,261,0.38%,36.21
why do my feet go numb when i walk long distance,1,246,0.41%,8
regeneration clinic,1,177,0.56%,27.85
knee locking up when walking,1,166,0.6%,10.73
reno back pain,1,135,0.74%,18.89
weight loss sparks nv,1,125,0.8%,22.07
730 sandhill rd reno nv 89521,1,122,0.82%,2.21
trigger point injections near me,1,118,0.85%,53.04
spinal decompression therapy near me,1,117,0.85%,13.3
reno allergist,1,112,0.89%,9.49
allergy testing,1,105,0.95%,26.09
numbness in feet when walking,1,104,0.96%,15.16
reno neuropathy,1,93,1.08%,8.52
neuropathy reno,1,89,1.12%,2.12
integrative medicine reno,1,89,1.12%,22.58
prp injection near me,1,89,1.12%,32.29
tingling in feet after walking,1,88,1.14%,8.97
regeni joint,1,87,1.15%,2.9
can whiplash cause back pain,1,85,1.18%,3.45
feet get numb when walking,1,82,1.22%,11.51
tingling in feet when walking,1,79,1.27%,14.35
why does my knee lock up,1,79,1.27%,21.24
feet feel numb when walking,1,76,1.32%,10.61
regenerative knee treatment near me,1,68,1.47%,41.63
regenerate health,1,67,1.49%,47.6
feet go numb when walking long distance,1,64,1.56%,7.84
allergy clinic reno,1,61,1.64%,8.38
stemregen reviews,1,60,1.67%,2.88
reno weight loss cost,1,58,1.72%,7.71
food allergy testing near me,1,54,1.85%,78.46
glp1 reno nv,1,51,1.96%,8.71
stem cell treatment for neuropathy near me,1,51,1.96%,38.96
knee lock,1,50,2%,8.18
reno allergy clinic,1,48,2.08%,8.04
why do my feet go numb when walking,1,47,2.13%,9.4
knee locking,1,40,2.5%,5.1
what is knee locking,1,38,2.63%,5.08
allergist in reno,1,35,2.86%,9.8
does whiplash cause back pain,1,31,3.23%,4.9
tirzepatide near me,1,31,3.23%,7.87
knee getting locked,1,28,3.57%,9.79
neuropathy doctor,1,27,3.7%,6.37
neuropathy doctor near me,1,25,4%,5.88
how to stop knee from locking up,1,25,4%,10.52
stem cell clinic near me,1,23,4.35%,35.48
right foot numb when walking,1,19,5.26%,9.53
mid back pain after car accident,1,18,5.56%,1.94
glp 1 near me,1,15,6.67%,6.2
knee locks when standing,1,14,7.14%,7.14
glp-1 near me,1,13,7.69%,17
regenokine treatment near me,1,12,8.33%,25.67
regenerative medicine specialist near me,1,12,8.33%,31.67
yes,1,11,9.09%,3.55
prp treatment near me,1,11,9.09%,7.45
neuropathy doctors near me,1,11,9.09%,15.27
prolozone near me,1,11,9.09%,32.45
neuropathy specialist,1,10,10%,4.1
knee freezes up after sitting,1,10,10%,9.6
glp-1 providers near me,1,8,12.5%,7.75
peptides reno nv,1,8,12.5%,16.38
reno one sex,1,7,14.29%,4.71
nerve damage screening near me,1,7,14.29%,7
bpc 157 clinic near me,1,5,20%,15.8
weight loss glp 1 near me,1,5,20%,24.8
knee locking up and pain,1,4,25%,3.25
neuropathy doctors,1,4,25%,4.25
semaglutide compounding pharmacy near me,1,4,25%,7.25
prolotherapy injections near me,1,4,25%,21.75
bariatric support groups near me,1,3,33.33%,1
slapende voeten tijdens lopen,1,3,33.33%,2.67
shockwave therapy for ed near me,1,3,33.33%,4.67
prp joint injections near me,1,3,33.33%,43.33
neuropathy doctor in my area,1,2,50%,1.5
morning stiffness,1,2,50%,2.5
zehen schlafen ein beim gehen,1,2,50%,2.5
joint injections,1,2,50%,3
rejuvenation medical group,1,2,50%,3
support groups for fibromyalgia near me,1,2,50%,3.5
compounded tirzepatide near me,1,2,50%,4.5
sexual medicine specialist,1,2,50%,5
nerve doctors near me,1,2,50%,11
allergy testing clinic near me,1,2,50%,12
prp hip injection near me,1,2,50%,25.5
het gebeurt vaker,1,1,100%,1
med spa near me tirzepatide,1,1,100%,1
neuopothy,1,1,100%,1
nuropothy,1,1,100%,1
ozone injections for knee pain near me,1,1,100%,1
reno nevada,1,1,100%,1
residual neuropathy,1,1,100%,1
specialist for nerve damage,1,1,100%,1
why cant i nut,1,1,100%,1
vitamin injections,1,1,100%,2
glp1 doctor near me,1,1,100%,3
knee keeps locking,1,1,100%,3
немеет нога при ходьбе,1,1,100%,3
dr that treats neuropathy,1,1,100%,4
allergy treatment near me,1,1,100%,7
compounding pharmacy for tirzepatide near me,1,1,100%,7
umbilical stem cell therapy near me,1,1,100%,8
hormonal doctor near me,1,1,100%,9
why do i feel like i'm slipping when i walk,1,1,100%,9
hormonal shifts,1,1,100%,10
stem cell centers,1,1,100%,11
vestibular testing near me,1,1,100%,12
gainswave corona,0,1276,0%,35.34
regenerative medicine las vegas,0,1270,0%,66.86
regenerative health,0,1042,0%,69.99
hormone optimization therapy,0,1039,0%,83.11
weight loss medication reno,0,1024,0%,10.84
knees,0,974,0%,15.43
ed treatment in reno,0,918,0%,5.29
knee pain treatment near me,0,832,0%,60.83
regenerative care,0,738,0%,45.99
hormone replacement reno,0,720,0%,6.6
prp reno,0,718,0%,9.88
weight loss medication sparks,0,717,0%,7.57
platelet rich plasma injections reno,0,702,0%,11.4
regenerative medicine for joint pain,0,631,0%,47.14
peptide therapy reno,0,628,0%,22.34
hormone optimization near me,0,619,0%,41.87
rincon ruptured disc,0,576,0%,11.24
regenerative clinic,0,573,0%,45.37
reno pain management,0,516,0%,20.97
iv therapy sparks nv,0,491,0%,8.26
chronic joint pain treatment,0,470,0%,8.76
iv drip sparks nv,0,465,0%,9.87
iv therapy reno nv,0,462,0%,32.48
rincon lower back pain,0,461,0%,12.15
hormone replacement therapy near me,0,459,0%,10.16
rincon treatment for degenerative disc disease,0,455,0%,30.02
regenerative therapy for knees,0,451,0%,59.99
rincon lumbar spine,0,438,0%,25.08
hormone optimization therapy near me,0,437,0%,26.65
gainswave treatment,0,432,0%,42.69
rincon treatment for ruptured disc,0,428,0%,31.48
iv vitamin therapy reno nv,0,428,0%,55.26
rincon treatment for herniated disc,0,427,0%,35.41
iv vitamin therapy sparks nv,0,423,0%,17.48
ozempic reno,0,422,0%,16.3
reno weight loss centers,0,420,0%,12.35
semaglutide reno nv,0,417,0%,18.47
regenerative knee treatment,0,410,0%,66.07
regenerative medicine for knee,0,409,0%,49.95
"men's health in reno, nv",0,406,0%,59.26
bioidentical hormones in regenerative treatment,0,401,0%,16.36
joint rejuvenation therapy,0,394,0%,51.3
iv vitamin therapy saddlehorn nv,0,389,0%,21.43
semaglutide reno,0,387,0%,17.28
joint rejuvenation,0,385,0%,29.84
iv therapy saddlehorn nv,0,382,0%,19.2
rincon herniated disc,0,375,0%,26.39
rincon back pain,0,375,0%,30.47
gainswave las vegas,0,375,0%,61.37
iv therapy virginia foothills nv,0,373,0%,19.66
bio identical hormone replacement therapy near me,0,372,0%,18.02
sports injury and chiropractic,0,369,0%,52.44
iv hydration therapy saddlehorn nv,0,366,0%,20.08
regenerative medicine services,0,365,0%,27.25
osteoarthritis treatment reno,0,362,0%,19.41
regenerative medicine clinic,0,361,0%,53.83
bioidentical hormone optimization,0,359,0%,34.36
iv vitamin therapy virginia foothills nv,0,352,0%,32.97
iv hydration sparks nv,0,349,0%,27.37
rincon spinal decompression,0,348,0%,44
iv drip virginia foothills nv,0,341,0%,35.39
iv drip reno nv,0,341,0%,52.96
iv therapy washoe valley nv,0,336,0%,28.08
rincon lumbar stenosis,0,335,0%,24.88
iv therapy mayberry nv,0,327,0%,20.42
iv hydration therapy reno nv,0,319,0%,41.17
feet going numb while walking,0,318,0%,10.25
joint pain reno,0,317,0%,7.64
allergy test near me,0,311,0%,45.49
bio identical hormone therapy near me,0,310,0%,13.71
neuropathy and walking,0,309,0%,17.16
iv drip saddlehorn nv,0,306,0%,41.51
regenerative wellness center,0,306,0%,90.06
iv therapy north valley nv,0,302,0%,40.59
holistic pain management,0,301,0%,11.79
acute joint pain,0,297,0%,1.9
iv hydration therapy virginia foothills nv,0,295,0%,43.25
regenerative health care,0,294,0%,56.41
rincon spinal stenosis,0,291,0%,49.76
gainswave henderson,0,288,0%,41.97
bhrt clinic,0,285,0%,71.41
hormone specialist,0,284,0%,10.36
iv drip mayberry nv,0,284,0%,25.1
why do my feet go numb when i walk,0,283,0%,10.52
regenerative health providers,0,282,0%,34.66
bioidentical hormone therapy near me,0,277,0%,4.82
osteoarthritis treatment near me,0,277,0%,16.52
bioidentical hormone treatment near me,0,276,0%,4.31
regenerative joint therapy,0,273,0%,75.62
ed treatment north reno,0,270,0%,7.69
hormone specialist reno nv,0,267,0%,9.75
regenerative health centers,0,264,0%,36.16
rincon bulging disc,0,263,0%,21.39
hormone optimization doctors near me,0,257,0%,5.69
iv vitamin therapy mayberry nv,0,256,0%,37.66
hormone dr,0,254,0%,12.39
chronic back pain from whiplash,0,253,0%,21.04
iv drip north valley nv,0,253,0%,54.79
iv hydration therapy near me,0,251,0%,44.71
gainswave therapy,0,251,0%,46.25
sports injury chiropractic care,0,251,0%,56.84
regenerative medical therapy,0,251,0%,57.02
hormone rebalancing,0,251,0%,74.1
rincon low back pain,0,250,0%,22.59
allergist near me,0,248,0%,9.66
hormone expert reno,0,247,0%,11.62
hormone replacement therapy specialist,0,242,0%,10.06
reno weight loss center,0,242,0%,10.31
joint pain and inflammation,0,241,0%,6.68
medical weight loss reno,0,241,0%,12.27
advanced regenerative medicine,0,241,0%,57.97
iv vitamin therapy north valley nv,0,240,0%,48.67
hrt reno,0,239,0%,17.88
sparks shoulder injury surgery,0,238,0%,19.59
why might growth hormone treatment not be working in reno nv?,0,235,0%,5.29
chronic lower back pain from whiplash,0,233,0%,31.92
iv hydration therapy north valley nv,0,233,0%,44.72
non-surgical treatment reno,0,231,0%,42.34
chronic upper back pain from whiplash,0,230,0%,35.67
regenerative healthcare,0,227,0%,33.89
gainswave doctor,0,225,0%,63.01
rincon back pain treatment,0,223,0%,37.04
walking on pins and needles,0,222,0%,4.91
regenerative medicine for neuropathy,0,222,0%,72.43
is regenerative medicine legit,0,221,0%,60.26
hormone expert,0,219,0%,10.53
rincon lumbar radiculopathy,0,218,0%,59.6
erectile dysfunction clinic near me,0,217,0%,11.18
rincon treatment for slipped disc,0,216,0%,31.9
allergen testing near me,0,213,0%,65.44
estrogen replacement reno,0,212,0%,10.67
sermorelin reno nv,0,211,0%,53.81
knee regenerative therapy,0,210,0%,50.47
rincon treatment for bulging disc,0,209,0%,36.44
ozone therapy reno nv,0,207,0%,25.51
knee pain clinic,0,205,0%,33.45
feet tingling after walking,0,203,0%,8.55
holistic pain management near me,0,201,0%,9.48
regenerative health and wellness,0,201,0%,80.31
hip pain treatment reno,0,199,0%,19.71
regenerative medicine for back pain,0,197,0%,86.84
menopause hormone therapy reno,0,194,0%,9.27
bioidentical hormone therapy reno,0,194,0%,10.7
reno back,0,194,0%,10.89
northern nevada allergy,0,194,0%,12.53
regenerative medicine for knees,0,194,0%,62.75
thyroid test sparks nevada,0,193,0%,14.75
stem cell treatment for knees near me,0,192,0%,18.18
stem cell treatment near me,0,192,0%,52.5
regenerative therapy for back pain,0,192,0%,88.39
iv drip washoe valley nv,0,189,0%,41.77
feet numb when walking,0,183,0%,11.5
hormone therapy specialist near me,0,182,0%,11.3
rincon back injury treatment,0,181,0%,15.97
chiropractic care for sports injuries,0,181,0%,68.62
hormone replacement specialist near me,0,179,0%,10.59
joint regenerative medicine,0,179,0%,25.21
"<userlocation>reno,nevada,united states</userlocation> 
<userlanguage>english</userlanguage> where can i find comprehensive allergy 
testing for seasonal and environmental triggers in the area?",0,178,0%,1.07
reno hormone replacement therapy,0,178,0%,12.1
glp-1 sparks,0,177,0%,11.99
reno allergies,0,176,0%,9.95
hormone replacement doctors near me,0,176,0%,10.57
nv weight loss,0,175,0%,23.65
advanced regenerative health,0,175,0%,51.23
hormone specialist near me,0,174,0%,13.16
joint reno,0,173,0%,12.89
rincon back pain relief,0,173,0%,32.86
reno and back strain,0,172,0%,9.36
testosterone replacement therapy near me,0,172,0%,54.55
knees locking up,0,171,0%,11.06
sports injury chiropractic,0,169,0%,58.34
rincon cervical spine,0,169,0%,70.83
shoulder pain treatment reno,0,168,0%,12.18
estrogen replacement therapy reno,0,167,0%,12.78
regenerative medicine henderson,0,166,0%,69.28
joint injections near me,0,166,0%,73.09
comprehensive allergy testing reno nevada seasonal environmental triggers,0,165,0%,1
nv clinical weight loss,0,165,0%,50.13
allergist reno nv,0,164,0%,9.48
regenerative medicine inspirada,0,160,0%,35.01
iv hydration therapy mayberry nv,0,159,0%,35.69
prp facelift reno,0,159,0%,66.98
hormone replacement therapy specialist near me,0,158,0%,10.75
"fibromyalgia treatment near me reno, nv",0,158,0%,22.96
renaissance wave therapy,0,158,0%,59.53
cedar rapids regenerative medicine,0,158,0%,65.01
prp therapy near me,0,157,0%,60.17
medical weight loss near me,0,156,0%,14.11
allergies reno,0,155,0%,9.54
iv vitamin therapy washoe valley nv,0,155,0%,39.96
weight loss places near me,0,154,0%,7.16
"fibromyalgia treatment reno, nv",0,154,0%,15.35
back pain reno,0,154,0%,22.28
ed treatment near me,0,152,0%,13.97
sports injury chiropractor,0,152,0%,14.25
spinal injections for back pain reno,0,151,0%,20.83
reno clinic,0,151,0%,22.52
semaglutide sparks nv,0,150,0%,11.59
nevada allergy,0,150,0%,15.63
rincon lower back pain treatment,0,149,0%,12.6
"pain control clinic reno, nv",0,149,0%,14.58
iv energy boost near me,0,149,0%,49.28
rincon leg pain,0,149,0%,52.71
denver regenerative medicine reviews,0,149,0%,59.18
hormone therapy near me,0,148,0%,14.19
knee pain relief rino,0,147,0%,18.48
platysmal bands reno,0,147,0%,86.56
"tell me about patient reviews of regenerative medicine treatments for 
weight loss",0,146,0%,6.73
natural pain relief nevada,0,146,0%,7.66
chronic pain management reno,0,145,0%,18.94
relief joint pain,0,143,0%,10.9
regenerative health physician,0,143,0%,47.97
environmental allergy testing,0,143,0%,55.64
bioidentical hormone replacement therapy nevada,0,142,0%,22.08
neuropathy van nuys,0,142,0%,59.93
gainswave procedure,0,141,0%,55.38
regenerative joint clinics,0,139,0%,26.18
prolotherapy near me,0,137,0%,62.31
what does knee locking feel like,0,136,0%,7.04
anti aging clinic near me,0,136,0%,35.18
iv hydration washoe valley nv,0,136,0%,37.1
gainswave near me,0,135,0%,18.56
regenerative therapy,0,135,0%,65.82
best weight loss clinic near me,0,134,0%,7.66
hrt treatments reno,0,134,0%,17.96
pellet procedure reno,0,134,0%,20.39
regenerative joint medicine,0,134,0%,37.81
weight loss clinics in reno nv,0,133,0%,14.8
stem cell injection near me,0,132,0%,13.98
weight loss clinic reno nv,0,132,0%,14.92
hormone balance therapy,0,132,0%,56.39
neuropathy pain solutions gretna,0,131,0%,11.89
neck and back pain reno,0,131,0%,33.95
lyme disease reno,0,131,0%,53.24
ed clinic north reno,0,130,0%,9.78
andropause treatment reno,0,130,0%,15.6
regeneration near me,0,130,0%,79.22
rincon ruptured disc treatment,0,129,0%,12.27
peripheral neuropathy gretna,0,129,0%,17.76
regenerative medicine careers,0,129,0%,28.4
pain management reno nv,0,129,0%,40.97
regenerative medicine center,0,129,0%,57.15
iv therapy carson city nv,0,129,0%,64.99
restore reno nv,0,128,0%,42.48
shoulder pain relief mission,0,128,0%,61.27
natural hormone therapy reno,0,127,0%,12.87
rincon compressed disc treatment,0,127,0%,23.05
"chronic pain management clinic near me reno, nv",0,127,0%,28.32
environmental allergy test,0,127,0%,45.74
regenerative doctor,0,127,0%,86.94
"pain control clinic near me reno, nv",0,126,0%,20.42
rejen printing services,0,125,0%,17.2
bioidentical doctors,0,125,0%,86.54
why does my knee keep locking up,0,124,0%,11.4
back pain relief rino,0,124,0%,20.1
comprehensive hormone care reno,0,124,0%,23.6
back pain reno nv,0,124,0%,29.23
regenerative center,0,123,0%,63.85
regenerative medicine long island,0,123,0%,83.89
regen doctor,0,122,0%,59.43
medical weight loss,0,121,0%,7.77
diabetic neuropathy gretna,0,121,0%,13.81
iv drip carson city nv,0,121,0%,73.79
why does my foot go numb when i walk,0,120,0%,11.33
lexapro sexual side effects,0,119,0%,1
prp knee treatment near me,0,119,0%,24.97
regenerative medicine knee,0,119,0%,44.25
what is neuropathy,0,118,0%,1.13
nv weight loss reviews,0,117,0%,81.43
platelet rich plasma in reno nv,0,116,0%,19.72
पैरों में सुन्नपन और झनझनाहट,0,115,0%,7.25
foot pain treatment reno,0,115,0%,19.57
neck pain reno,0,115,0%,20.01
reno joint pain,0,115,0%,20.82
careers in regenerative medicine,0,115,0%,36.13
spinal decompression reno,0,114,0%,8.96
shoulder pain relief rino,0,114,0%,10.36
joint pain relief natural,0,114,0%,62.5
regeneration center,0,114,0%,69.64
regenerative medicine lake oswego,0,114,0%,69.73
reno arthritis,0,113,0%,9.44
orangevale gainswave,0,113,0%,28.19
hormone balance treatment,0,113,0%,62.73
neuropathy lubbock,0,113,0%,86.23
hormonal imbalance treatment reno,0,112,0%,15.98
chiropractor for sciatica sparks nv,0,112,0%,46.09
comprehensive allergy testing seasonal environmental triggers reno nevada,0,111,0%,1.02
glp-1 weight loss program near me,0,111,0%,66.19
chiropractic treatment for sports injury,0,111,0%,66.72
microneedling reno,0,111,0%,95.77
shoulder pain treatment near me,0,110,0%,12.58
regenerative medicine doctor,0,110,0%,32.53
numb feet when walking,0,109,0%,12.44
joint pain word,0,109,0%,12.6
best weight loss clinic reno nv,0,109,0%,12.63
neuropathy and balance problems gretna,0,109,0%,32.06
regen injection,0,109,0%,65.39
foot tingles when walking,0,108,0%,5.81
knee pain near me,0,108,0%,36.55
new regeneration,0,108,0%,58.87
erectile dysfunction treatment in reno,0,107,0%,9.04
regenerative medicine burlington,0,107,0%,34.96
iv hydration reno,0,107,0%,40.88
chiropractic treatment for sports injuries,0,107,0%,67.89
whipl.pl about us,0,106,0%,9.38
hormone therapy for women reno,0,106,0%,12.12
knee clinic,0,106,0%,72.16
another word for joint pain,0,105,0%,7.71
weight loss doctor reno nv,0,105,0%,17.87
stem cell therapy for knees near me,0,105,0%,37.63
anti-aging treatments sparks nv,0,105,0%,43.65
reno iv therapy,0,105,0%,44.16
neck pain relief rino,0,104,0%,21.87
reno chiropractic,0,104,0%,35.49
iv for hangover near me,0,104,0%,46.2
regenexx near me,0,104,0%,61.92
thyroid hormone therapy reno,0,103,0%,9.34
why does my knee lock up sometimes,0,103,0%,10.68
weight loss programs reno nv,0,103,0%,14.67
regenerative medicine now,0,103,0%,35.83
gainswave carson city,0,102,0%,18.89
nonsurgical treatment for back pain reno,0,101,0%,18.88
erectile dysfunction doctors near me,0,101,0%,23.34
knee pain clinic near me,0,101,0%,44.07
rincon back specialist,0,101,0%,59.81
weight loss center reno nv,0,100,0%,15.98
weight loss doctors in reno nv,0,100,0%,17.33
weight loss programs reno,0,99,0%,12.9
regenerative medicine doctors near me,0,99,0%,55.13
reno weight loss reviews,0,98,0%,13.1
pins and needles in feet when walking,0,98,0%,14.59
feet falling asleep while walking,0,96,0%,10.77
chiropractic care for sports injury,0,96,0%,83.81
decompression reno,0,95,0%,10.78
iv therapy reno,0,95,0%,23.12
regenerative medicine jobs,0,94,0%,19.61
vitamin c iv therapy near me,0,94,0%,53.44
regeneration therapy,0,94,0%,76.02
weight reducing medicine in reno,0,93,0%,11.53
osteoporosis treatment near me,0,93,0%,14.98
semaglutide weight loss treatment nevada,0,93,0%,67.94
weight loss centers reno nv,0,92,0%,15.99
immunologist near me,0,92,0%,17.2
foot goes numb when walking,0,92,0%,19.15
gains wave,0,92,0%,42.85
mobile iv therapy reno nv,0,92,0%,70.45
hormone health services reno,0,91,0%,15.4
weight loss in reno nv,0,91,0%,19.53
gainswave sacramento,0,91,0%,41.62
regenerative medical group reviews,0,91,0%,62.13
reno knee pain,0,90,0%,9.93
integrated hormone specialist reno,0,90,0%,19.22
regenerative medicine new haven,0,90,0%,49.24
regenerative care near me,0,90,0%,68.1
natural shoulder pain relief,0,90,0%,69.67
cellsonic regeneration reno,0,89,0%,2.69
rincon herniated disc surgery,0,89,0%,27.4
joint regeneration,0,89,0%,54.17
best weight clinic reno nv,0,88,0%,14.32
weight loss treatment reno nv,0,88,0%,15
back decompression reno nv,0,88,0%,15.84
neuromodulator treatments in reno nv,0,88,0%,57
trigger point therapy near me,0,87,0%,7.06
lincoln gainswave,0,87,0%,18.01
herniated disc treatment reno,0,87,0%,30.83
knee rejuvenation,0,87,0%,64.99
regenerative knee treatment cost,0,87,0%,76.56
arthralgia,0,86,0%,1
pellet hormone therapy near me,0,86,0%,11.52
neuropathy pain specialist gretna,0,86,0%,34.38
anti-wrinkle treatments sparks nv,0,86,0%,45.83
regenerative stem cell therapy near me,0,86,0%,60.58
regenerative medicine for knee pain,0,86,0%,70.52
weight loss injections reno,0,85,0%,15.81
regenerative treatment for knee,0,85,0%,44.93
regenerate clinic,0,85,0%,56.96
reno neck pain,0,84,0%,21.33
dog allergy testing near me,0,84,0%,23.1
regenerative knee treatments,0,84,0%,46.33
best weight loss center near me,0,83,0%,7.25
regenerative neuropathy,0,83,0%,12.96
regenerative medicine joplin,0,83,0%,40.71
knee doctors reno,0,83,0%,52.67
what is neuropathy in feet,0,82,0%,1
cellsonic regeneration reno nv,0,82,0%,2.96
regenerative knee pain therapy,0,82,0%,26.06
rincon cervical stenosis,0,82,0%,59.3
reno cryotherapy,0,82,0%,63.3
knee locks up,0,81,0%,9.59
weight loss clinics reno,0,81,0%,13.05
regen clinic,0,81,0%,37.81
functional medicine reno nv,0,81,0%,49.36
regenerative therapy long island,0,81,0%,88.64
hormone therapy near me reno,0,80,0%,14.53
regenerative medicine arvada,0,80,0%,65.35
foot tingling when walking,0,79,0%,8.04
pellet therapy near me,0,79,0%,8.71
hormone therapy consultation reno,0,79,0%,17.35
where can i get an allergy test,0,79,0%,63.96
regenerative treatments,0,79,0%,81.18
cellsonic therapy reno nevada,0,78,0%,7.12
allergy doctor reno,0,78,0%,9.74
patient reviews regenerative medicine weight loss,0,78,0%,10.38
weight loss clinic,0,78,0%,11.73
gainswave lincoln,0,78,0%,22.94
reno physical therapists,0,78,0%,71.23
cellsonic regeneration reno nevada,0,77,0%,2.82
renofocusjobs,0,77,0%,9.35
cellsonic therapy reno,0,77,0%,9.75
spinal decompression therapy reno nv,0,77,0%,16.52
weight loss md,0,77,0%,20.66
knee locks up after sitting for awhile,0,76,0%,8.59
gainswave therapy near me,0,76,0%,13.64
weight loss solutions,0,76,0%,15.42
integrative chronic pain management near reno,0,75,0%,8.71
why do my feet get numb when i walk,0,75,0%,11.53
weight loss specialist in reno,0,75,0%,15.79
balance regenerative medicine,0,75,0%,41.4
hormone replacement therapy in reno,0,74,0%,8.04
hormone therapy for men reno,0,74,0%,21.04
male arousal disorder treatment,0,74,0%,21.08
hormone therapy clinic reno,0,74,0%,21.72
prolotherapy knee near me,0,74,0%,43.69
weight loss nevada,0,74,0%,60.43
environmental allergen testing,0,74,0%,77.73
auburn gainswave,0,73,0%,21.85
home remedies for knee pain nevada,0,73,0%,30.49
cellular healing near me,0,73,0%,38.79
chiropractic adjustment reno,0,73,0%,69.36
730 sandhill road reno,0,72,0%,2.06
cellsonic reno nv,0,72,0%,10.26
bottom of my feet feels bit numb and tingle when walkinb also yellow,0,72,0%,10.81
carson city gainswave,0,72,0%,18.97
enterprise gainswave,0,72,0%,19.82
custom hormone treatments reno,0,72,0%,21.5
nevada allergy season,0,72,0%,32.64
menopause treatment in nevada,0,72,0%,60.26
"chronic pain management clinic reno, nv",0,71,0%,21.8
sparks shoulder surgery,0,71,0%,42.55
carmichael gainswave,0,70,0%,15.19
gainswave®,0,70,0%,24.81
rejuvenation medicine,0,70,0%,46.24
regenerative medicine greenwood,0,70,0%,50.6
joint regeneration las vegas,0,70,0%,54.26
relief joint,0,70,0%,90.23
what happens when your knee locks up,0,69,0%,11.16
sciatica reno nv,0,69,0%,14.87
gainswave orangevale,0,69,0%,31.52
food allergy testing,0,68,0%,5.99
mounjaro reno,0,68,0%,10.6
bulging disc reno nv,0,68,0%,18.75
knee treatment near me,0,68,0%,47.19
regenerative medicine campbell,0,68,0%,60.32
knee pain relief mission,0,68,0%,68.13
regenerative medicine & orthobiologics,0,68,0%,88.63
menopause treatment in reno,0,67,0%,9.69
what does it mean when your knee locks up,0,67,0%,11.03
regenerative medicine clinics in triangle,0,67,0%,59.3
inflammatory neuropathy treatment,0,67,0%,74.3
what causes nerve damage,0,66,0%,1
gainswave auburn,0,66,0%,25.47
testosterone therapy reno nv,0,66,0%,37.03
cellulite reduction reno,0,66,0%,79.08
knee feels locked up,0,65,0%,10.91
gainswave for ed,0,65,0%,39.43
knee pain relief callao,0,65,0%,57.78
american regenerative clinic,0,65,0%,58.34
reno chiropractors,0,65,0%,71.37
iv nutrition therapy stress relief,0,64,0%,9.53
sparks weight loss,0,64,0%,10.09
reno decompression,0,64,0%,11.55
cellsonic reno nevada,0,64,0%,12.08
regenerative medicine hot springs,0,64,0%,37.09
regenerative knee therapy,0,64,0%,39.06
nerve regeneration gretna,0,64,0%,68.88
relief naturals,0,64,0%,71.33
hrt specialist in nevada,0,64,0%,72.5
regenerative and hormone medicine,0,63,0%,5.59
what happens if you lock your knees for too long,0,63,0%,9.3
sciatica pain relief reno nv,0,63,0%,11.79
pro spinal reno,0,63,0%,12.24
hormone therapy in nevada,0,63,0%,35.29
stem cell therapy near me,0,63,0%,38.7
reno shoulder surgery,0,63,0%,45.13
joint pain regenerative medicine,0,63,0%,45.65
peak health regenerative medicine,0,63,0%,87.27
feet numb after walking,0,62,0%,8.52
gainswave sunnyside-tahoe city,0,62,0%,11.34
gainswave carmichael,0,62,0%,21.34
regenerate chiropractic,0,62,0%,70.06
sparks shoulder replacement,0,62,0%,72.65
knee sound without pain,0,61,0%,1
why does your knee lock up,0,61,0%,11.16
medical weight loss reno nv,0,61,0%,18.51
bhrt side effects workshop,0,61,0%,29
herniated disc treatment reno nv,0,61,0%,32.07
hormone replacement therapy in sparks,0,60,0%,7.38
nv allergy,0,60,0%,9.43
numb feet after walking,0,60,0%,10.07
testosterone boosters reno,0,60,0%,30.33
allergy food testing near me,0,60,0%,66
weight loss clinic near me,0,59,0%,9.98
knee locks up when walking,0,59,0%,10.9
cellsonic therapy reno nv,0,59,0%,11.44
foot going numb while walking,0,59,0%,15.31
tingling feet after walking,0,59,0%,16.51
gainswave enterprise,0,59,0%,23.05
hormonal imbalance treatment little neck,0,59,0%,38.73
biophoton therapy near me,0,58,0%,16.16
regenerative medicine youngstown,0,58,0%,29.62
neuropathy pain doctor gretna,0,58,0%,38.57
testosterone replacement therapy reno,0,58,0%,42.52
regenerative medicine,0,58,0%,44.55
home iv services near me,0,58,0%,50.31
best regenerative doctor in las vegas,0,58,0%,68.28
hormone adjustment,0,58,0%,79.91
reno joint,0,57,0%,9.68
why do knees lock up,0,57,0%,11.77
weight loss supplement for women reno,0,57,0%,12.46
sciatic nerve reno nv,0,57,0%,13.21
clinic reno,0,57,0%,30
regenerative knee,0,57,0%,74.44
eastside gainswave,0,57,0%,86.77
cellsonic reno,0,56,0%,6.2
wegovy reno,0,56,0%,19.14
regenerative treatment near me,0,56,0%,40.14
regenerative treatment for knee pain,0,56,0%,89
nerve damage symptoms,0,55,0%,1
whiplash injury reno nv,0,55,0%,4.87
tirzepitide reno,0,55,0%,5.27
sciatic nerve pain reno nv,0,55,0%,14.15
regenerative medicine reviews,0,55,0%,33.35
stem cell injections near me,0,55,0%,52.56
regenerative medicine amarillo,0,55,0%,58.49
oral supplements reno nv,0,55,0%,59.89
cedar rapids regenerative treatments,0,55,0%,73.84
regenerative medicine supplies clinic,0,55,0%,79.69
local bio identical hormone replacement therapy near me,0,55,0%,86.09
knee,0,54,0%,1
reno weight loss clinic reviews,0,54,0%,4.52
nonsurgical treatment for herniated disc reno,0,54,0%,18.5
numbness in feet blair,0,54,0%,38.24
regenerative treatment for joint pain,0,54,0%,43.63
iv drip therapy near me,0,54,0%,47.15
bioidentical hormone replacement therapy cost,0,54,0%,52.26
gainswave seattle,0,54,0%,63.81
advanced regenerative therapy,0,54,0%,78.26
regenerative medicine portland,0,54,0%,85.98
knee pain clinics near me,0,53,0%,15.81
thermogenics reno,0,53,0%,15.94
weight loss supplements reno,0,53,0%,25.02
gold bead therapy reno nv,0,53,0%,38.66
prolozone therapy near me,0,53,0%,53.58
environmental allergies test near me,0,53,0%,75.87
why does my foot tingle when i walk,0,52,0%,2.73
sciatica specialist reno nv,0,52,0%,14.12
stem cell near me,0,52,0%,34.83
testosterone replacement reno,0,52,0%,52.25
functional medicine reno,0,52,0%,56.35
precision pointe regenerative health,0,52,0%,64.75
abdominal etching reno,0,52,0%,72.33
surgery for migraines reno,0,52,0%,88.6
frozen shoulder causes,0,51,0%,1
what does it mean when your leg locks up,0,51,0%,8.47
knews,0,51,0%,9.47
neuropathy and balance issues gretna,0,51,0%,21.16
injury prevention reno,0,51,0%,24.02
stem cell knee surgery las vegas,0,51,0%,62.55
sports injury chiropractic treatments,0,51,0%,88.47
post menopause weight gain reno,0,50,0%,12.98
regenerative medicine summerville,0,50,0%,16.46
herniated disc reno nv,0,50,0%,21.7
back pain in reno,0,50,0%,22.4
back pain in reno nv,0,50,0%,32.7
advanced regenerative treatments,0,50,0%,52.9
regenerative knee injections,0,50,0%,61.36
neuropathy treatment las vegas,0,50,0%,61.78
regen theranostics,0,50,0%,62.92
advanced regenerative,0,50,0%,66.76
understanding the male orgasm and arousal dynsfunction,0,50,0%,90.08
feet tingling when walking,0,49,0%,4.35
holistic medicine reno,0,49,0%,27.41
lower back pain reno nv,0,49,0%,28.29
regenerative doctors near me,0,49,0%,39.04
hormone optimization with bioidentical hormones,0,49,0%,42.71
regenerative medicine practice support,0,49,0%,43.45
knee stem cell therapy near me,0,49,0%,44.73
test booster reno,0,49,0%,49.57
local guide program,0,48,0%,1
what to do when your knee locks up,0,48,0%,10.35
allergy reno,0,48,0%,11.02
what to do when knee locks up,0,48,0%,11.21
feet tingle when walking,0,48,0%,11.92
sciatica and back pain specialist reno nv,0,48,0%,15.48
regenerative medicine mason,0,48,0%,26.29
bio identical hormones near me,0,48,0%,28.25
how to get rid of whiplash,0,48,0%,34.19
reno integrative medical center,0,48,0%,41.38
gainswave ridgeland ms,0,48,0%,55.21
chiropractic for sports injuries,0,48,0%,59.88
bhrt provider,0,48,0%,74.98
regenerative back treatment,0,48,0%,78.08
sports medicine reno,0,48,0%,78.83
regenerative medicine chesterfield,0,48,0%,79.12
arthritis,0,47,0%,1
bioidentical hormone replacement therapy (bhrt) in reno,0,47,0%,4.13
tingling in foot when walking,0,47,0%,8.81
why does a knee lock up,0,47,0%,10.21
neuropathy pain management gretna,0,47,0%,44.83
regenerative clinic near me,0,47,0%,54.26
regenerative medicine marina del rey,0,47,0%,58.19
b12 shots reno,0,47,0%,73.45
glp-1 weight loss clinic,0,46,0%,7.59
arthritis reno,0,46,0%,21.24
regenerative medicine altoona,0,46,0%,27.83
iv nutrition,0,46,0%,38.35
regenerative injection therapy near me,0,46,0%,39.63
gainswave hendersonville,0,46,0%,44.91
knee pain relief without surgery near me,0,46,0%,59.54
heritage regenerative medicine,0,46,0%,65.11
orthobiologics near me,0,46,0%,78.61
nerve regeneration memphis,0,46,0%,80.11
gainswave doctors near me,0,46,0%,89.65
walking with neuropathy in feet,0,45,0%,5
back injury reno nv,0,45,0%,24.71
mold allergy testing near me,0,45,0%,42.22
rancho mirage trigger point injections,0,45,0%,47.11
regen care,0,45,0%,59.96
injectables reno nv,0,45,0%,65.56
regenerative knee therapy clinic,0,45,0%,77.02
knee pain relief walnut ridge,0,45,0%,79.16
liposculpture reno,0,45,0%,91.58
how do u injure a nerve in ur spine,0,44,0%,1
back pain from whiplash,0,44,0%,7.11
how to unlock your knee when it locks up,0,44,0%,10.98
knee locks when walking,0,44,0%,11.84
innovative joint repair,0,44,0%,49.89
regenerative therapy fresno,0,44,0%,66.52
blood test reno nevada,0,44,0%,68.07
regen sports care,0,44,0%,79.14
local bio identical hormone replacement near me,0,44,0%,90.86
feet buzzing after walking,0,43,0%,2.14
reno medical,0,43,0%,5.7
post menopause weight loss reno,0,43,0%,17.88
chino gainswave,0,43,0%,27.98
naturopathic doctor reno nv,0,43,0%,34.49
summerlin gainswave,0,43,0%,36.81
hair restoration reno,0,43,0%,65.6
best weight loss program near me,0,42,0%,18.48
regenerative medical center,0,42,0%,34.24
bioidentical hormone doctors,0,42,0%,38.19
regen doctors,0,42,0%,46.98
wellness injections in reno nv,0,42,0%,62.67
nevada allergen awareness certification,0,42,0%,65.79
regenerative medicine grand rapids,0,42,0%,67.69
regenerative arthritis care,0,42,0%,71.67
where can i get a full allergy test,0,42,0%,76.19
numbness in feet after walking,0,41,0%,8.49
medical weight loss sparks,0,41,0%,9.68
weight management reno,0,41,0%,9.78
weight loss programs near me,0,41,0%,10.9
how to unlock your knee,0,41,0%,12.98
weight loss treatments near me,0,41,0%,13.37
steiner gainswave,0,41,0%,17.44
gainwave,0,41,0%,28.32
nv weight loss pills,0,41,0%,53.12
t booster reno,0,41,0%,60.76
bhrt+clinic,0,41,0%,72.68
hormonal factors,0,41,0%,89.61
middle back pain after car accident,0,40,0%,1.5
trigger point injections reno,0,40,0%,2
joint pain relief,0,40,0%,3.42
why knee locks up,0,40,0%,10.55
reno allergy,0,40,0%,11.22
knee lock up,0,40,0%,14.2
•hydration clinic sparks nv,0,40,0%,14.72
rincon laminectomy,0,40,0%,47.92
knee therapy near me,0,40,0%,52.52
trigger point injection near me,0,40,0%,54.7
fat injections reno,0,40,0%,63.9
nevada food allergen certificate,0,40,0%,74.67
regen orthopedics,0,40,0%,91.97
•anti-aging iv sparks,0,39,0%,6.15
hormone doctor,0,39,0%,9.69
nevada food allergy,0,39,0%,11.36
feet tingle after walking,0,39,0%,12.85
diabetic neuropathy treatment near me,0,39,0%,30.36
the joint reno,0,39,0%,33.15
chronic pain management near me,0,39,0%,36.95
diet products reno,0,39,0%,43.21
joint regen,0,39,0%,43.67
hormone imbalance therapy,0,39,0%,44.97
regenerative medicine greensboro,0,39,0%,60.82
holistic allergy testing near me,0,39,0%,63.9
shoulder pain relief oscoda,0,39,0%,71.51
gainswave ed therapy,0,39,0%,80.69
imac regeneration center,0,39,0%,87.31
can you walk with numb feet,0,38,0%,5.89
male arousal disorder,0,38,0%,6.34
why are my feet going numb when i walk,0,38,0%,6.37
how much does reno weight loss cost,0,38,0%,7.32
•iv therapy sparks nv,0,38,0%,10.58
weight loss specialist near me,0,38,0%,13.66
chiropractic care & sports injuries,0,38,0%,24.95
back and spine relief reno nv,0,38,0%,26.21
chronic joint inflammation,0,38,0%,38.39
joint pain clinic,0,38,0%,41.08
the regeneration center,0,38,0%,45.84
regenerative medicine wilmington de,0,38,0%,46.82
joint regeneration therapy,0,38,0%,69.29
new regeneration orthopedics,0,38,0%,72.16
local bhrt near me,0,38,0%,83.29
gaineswave therapy for ed,0,38,0%,87.58
knee gatch,0,37,0%,1
stem cell transplant incline village,0,37,0%,11.22
feet fall asleep while walking,0,37,0%,12.7
iv reno,0,37,0%,16.73
tingling feet when walking,0,37,0%,18.08
gainswave newcastle,0,37,0%,28.3
joint pain and swelling,0,37,0%,33.46
sports injury prevention reno,0,37,0%,38.62
regenerative medicine clinics,0,37,0%,39.57
gainswave for erectile dysfunction jax,0,37,0%,47.97
bioidentical hormone optimization therapy,0,37,0%,49.57
regenerative medicine specialist,0,37,0%,64.62
the regenerative center,0,37,0%,65.92
online weight loss coach reno nv,0,37,0%,67.05
male hormonal imbalance symptoms,0,37,0%,67.57
bioidentical hormone testing wellington,0,37,0%,74.54
obesity weight management reno,0,36,0%,16.42
back pain relief reno nv,0,36,0%,25.31
regenerative medicine jonesboro,0,36,0%,33.25
rancho bernardo gainswave,0,36,0%,38.56
reno mold testing,0,36,0%,59.11
strength enhancement reno,0,36,0%,75.69
iv hydration carson city nv,0,36,0%,83.08
quality management for regeneration medicine,0,36,0%,84.53
gainswave reno nevada,0,35,0%,3.54
can you get whiplash in your back,0,35,0%,3.77
nv | expert hrt & bhrt care,0,35,0%,4.74
pins and needles in feet after walking,0,35,0%,5.03
foot feels weird when walking,0,35,0%,5.89
allergy specialist reno,0,35,0%,8.97
feet going numb when walking,0,35,0%,9.63
feet go numb while walking,0,35,0%,11.54
•iv drip sparks nv,0,35,0%,13.14
diet plan for weight loss reno,0,35,0%,17.97
hip pain treatment near me,0,35,0%,36.06
precision regenerative and functional medicine,0,35,0%,68.97
cosmetic injections sparks nv,0,35,0%,71.74
gainswave eastside,0,35,0%,75.97
rincon neck pain,0,35,0%,80.09
customized medical weight loss,0,35,0%,81.83
northwest regenerative orthopedics,0,35,0%,84.17
microneedling reno nv,0,35,0%,96
neuropathy treatment reno,0,34,0%,1.47
bioidentical hormones reno,0,34,0%,3.5
what happens when your knee locks,0,34,0%,9.41
effective weight loss reno,0,34,0%,10.94
whiplash back,0,34,0%,23.47
numbness in feet glenwood,0,34,0%,32.26
bhrt doctor,0,34,0%,51.79
ridges gainswave,0,34,0%,52.18
chiropractic treatment reno,0,34,0%,56.76
regenokine treatment,0,34,0%,82.35
trt in reno,0,34,0%,87.35
regenokine therapy,0,34,0%,87.74
regenerative therapy doctors,0,34,0%,88.59
prp therapy reno nv,0,33,0%,5
what does it mean if your knee locks up,0,33,0%,10.7
neck pain treatment near me,0,33,0%,11.06
foot fell asleep while walking,0,33,0%,11.73
what to do if your knee locks up,0,33,0%,12.39
naturopathic doctor reno,0,33,0%,22.24
back pain treatment sparks,0,33,0%,25.97
above and beyond reno,0,33,0%,31.85
ed treatment carson city,0,33,0%,62.88
bhrt near me,0,33,0%,63.88
regenerative wellness,0,33,0%,78.45
personalized regenerative medicine,0,33,0%,80.21
regenerative medicine sparks,0,32,0%,1
joint injections reno,0,32,0%,1.56
my feet go numb when i walk,0,32,0%,8.88
allergists in reno nv,0,32,0%,10.09
why does my foot fall asleep when i walk,0,32,0%,10.41
regenerative medicine with bioidentical hormone replacement,0,32,0%,21.81
arthritis treatment reno,0,32,0%,33.69
simi valley gainswave,0,32,0%,47.62
sore joint relief,0,32,0%,48.34
regenerative medicine springfield,0,32,0%,53.78
greenberg regenerative medicine,0,32,0%,62.03
reno orthopaedic clinic,0,32,0%,64.41
chiropractor for low back pain reno nv,0,32,0%,69.09
regenerex near me,0,32,0%,73.5
erectile dysfunction gainswave,0,32,0%,74.44
gainswave therapy for ed,0,32,0%,85.72
laser treatment reno,0,32,0%,88.59
nutritional iv therapy reno,0,31,0%,6.29
tingling in feet while walking,0,31,0%,7.68
word meaning joint pain,0,31,0%,7.68
stemwave therapy near me,0,31,0%,8.39
why do my feet tingle when i walk,0,31,0%,9.74
why did my foot fall asleep while walking,0,31,0%,10.16
tingly feet after walking,0,31,0%,11.81
acute arthralgia,0,31,0%,12.74
"spinal decompression ,,41,18100, l, c ,0,0, local pack, reviews, people 
also ask, images, ai overview, related searches, sites",0,31,0%,22.39
reno integrative medicine,0,31,0%,29.68
reno lyme disease clinic,0,31,0%,29.97
allergies test near me,0,31,0%,40.32
gainswave demo,0,31,0%,51.23
domain gainswave,0,31,0%,53.65
ascend regenerative medicine,0,31,0%,56.68
reno knee doctor,0,31,0%,61.26
signs of hormonal imbalance in men,0,31,0%,64.13
neuropathy treatment henderson,0,31,0%,66.74
sports injury chiropractic treatment,0,31,0%,71.65
allergen testing,0,31,0%,77.39
knee pain relief montoursville,0,31,0%,84.97
local bioidentical hormone replacement therapy near me,0,31,0%,94.35
knee catching,0,30,0%,3.5
reno injection,0,30,0%,5.07
inflammation and joint pain,0,30,0%,5.87
numbness while walking,0,30,0%,7.3
when your knee locks up,0,30,0%,9.4
why does my knee sometimes lock up,0,30,0%,9.63
knee feels locked,0,30,0%,10.23
site:http://renoregen.com,0,30,0%,21
low testosterone treatment reno,0,30,0%,38.9
rejuvenex injections,0,30,0%,45.43
restore reno,0,30,0%,46.07
allergic test near me,0,30,0%,46.93
bhrt therapy in tijuana,0,30,0%,54.47
lymphedema reno,0,30,0%,59.73
foot buzzing sensation,0,30,0%,61.53
stem cell joint therapy near me,0,30,0%,62.87
feet numbness,0,30,0%,69.97
regen stem cell,0,30,0%,77.87
knee pain relief swampscott,0,30,0%,90.63
arthralgias,0,29,0%,1
low labedo,0,29,0%,1
regenerative & hormone medicine,0,29,0%,4.83
numb feet while walking,0,29,0%,7.24
why is my foot going numb when i walk,0,29,0%,8.31
how to unlock a knee,0,29,0%,12.28
"regen clinics, medical & health",0,29,0%,13.76
reno clinic it,0,29,0%,20.17
regeneration treatment,0,29,0%,21.62
whiplash treatment reno,0,29,0%,28.69
marin regenerative health,0,29,0%,31.03